{
  "id": "1863826",
  "name": "mi.com",
  "font_family": "iconfont",
  "css_prefix_text": "icon",
  "description": "mi.com",
  "glyphs": [
    {
      "icon_id": "840782",
      "name": "小米",
      "font_class": "xiaomi",
      "unicode": "e661",
      "unicode_decimal": 58977
    },
    {
      "icon_id": "5017103",
      "name": "房间",
      "font_class": "fangjian",
      "unicode": "e617",
      "unicode_decimal": 58903
    },
    {
      "icon_id": "8875500",
      "name": "购物车",
      "font_class": "gouwuche",
      "unicode": "e65d",
      "unicode_decimal": 58973
    }
  ]
}
